mean_fit_time,std_fit_time,mean_score_time,std_score_time,param_model__C,param_model__class_weight,params,split0_test_ap,split1_test_ap,split2_test_ap,mean_test_ap,std_test_ap,rank_test_ap,split0_test_roc,split1_test_roc,split2_test_roc,mean_test_roc,std_test_roc,rank_test_roc,model_name,param_model__max_depth,param_model__min_samples_leaf,param_model__min_child_weight
0.14433662096659342,0.10525944543806556,0.02181553840637207,0.004347492819678804,0.01,,"{'model__C': 0.01, 'model__class_weight': None}",0.510256737210738,0.5191353213376003,0.5703805530707897,0.533257537206376,0.026499006826377167,3,0.7579372982505763,0.7642585106355504,0.7867643787908484,0.7696533958923251,0.012371438432107943,3,Logistic Regression,,,
0.07106057802836101,0.00770722636227023,0.02914579709370931,0.0022725134675920153,0.01,balanced,"{'model__C': 0.01, 'model__class_weight': 'balanced'}",0.5061424721736159,0.5160248060452631,0.5655715521106701,0.5292462767765164,0.026000760908920027,6,0.7575583314559695,0.7659298390720882,0.7867303707552814,0.7700728470944465,0.012264456933897574,1,Logistic Regression,,,
0.10406883557637532,0.006525637795248762,0.028567075729370117,0.0023641663804849873,0.1,,"{'model__C': 0.1, 'model__class_weight': None}",0.5134337857337328,0.5201540300826449,0.5736983734911091,0.5357620631024956,0.026964954483590844,1,0.7562483964463558,0.7646052378406578,0.7863446777263162,0.7690661040044433,0.012685189051778163,5,Logistic Regression,,,
0.09409570693969727,0.012146530651784573,0.027445157368977863,0.0026191412886740102,0.1,balanced,"{'model__C': 0.1, 'model__class_weight': 'balanced'}",0.5075181063914818,0.5164365048852727,0.5715067199559664,0.5318204437442402,0.028297642394006076,4,0.7561282559093421,0.7664329809241927,0.7864399324610084,0.7696670564315143,0.012584219407218003,2,Logistic Regression,,,
0.12508130073547363,0.010805668427106804,0.027227322260538738,0.0006100826718348691,1.0,,"{'model__C': 1.0, 'model__class_weight': None}",0.5147127621409138,0.5165363092465552,0.5687044199584923,0.5333178304486538,0.025033169580445113,2,0.7557947651300881,0.7645664973708134,0.7855763540033422,0.7686458721680812,0.012495778834105575,6,Logistic Regression,,,
0.15130511919657388,0.017361823725885458,0.027692079544067383,0.0020083798445038477,1.0,balanced,"{'model__C': 1.0, 'model__class_weight': 'balanced'}",0.5090613448184299,0.5126275755012881,0.5661237061886009,0.529270875502773,0.026099525506409288,5,0.7555488398697581,0.7664747883478997,0.7857768563552154,0.7692668281909577,0.012497462676484593,4,Logistic Regression,,,
1.4516274134318035,0.06308422528625252,0.06959319114685059,0.01325382225565082,,,"{'model__class_weight': None, 'model__max_depth': 8, 'model__min_samples_leaf': 10}",0.5377090092955493,0.5387909341367658,0.5771130457921219,0.5512043297414789,0.018325552577119188,1,0.7762923533692809,0.775056528802248,0.797141584316719,0.7828301554960827,0.010132277195715567,2,Random Forest,8.0,10.0,
1.3181969324747722,0.07628839008261158,0.05435864130655924,0.00593947827781739,,,"{'model__class_weight': None, 'model__max_depth': 8, 'model__min_samples_leaf': 30}",0.5326942156097679,0.5388979285421913,0.579866567438159,0.5504862371967061,0.02092883763868416,2,0.7757191459346297,0.775630210593194,0.7970182850408484,0.782789213856224,0.010061538234172393,3,Random Forest,8.0,30.0,
1.8401671250661213,0.05329909238408665,0.07078154881795247,0.002859219037581208,,,"{'model__class_weight': None, 'model__max_depth': 14, 'model__min_samples_leaf': 10}",0.5359400712906573,0.5333103339066136,0.5754940343524981,0.5482481465165897,0.01929564169534036,4,0.7745366082729903,0.7707628741038038,0.7966539477688149,0.7806511433818697,0.011420086940125767,4,Random Forest,14.0,10.0,
1.6079909006754558,0.04644733628241422,0.060670932133992515,0.005504524461845855,,,"{'model__class_weight': None, 'model__max_depth': 14, 'model__min_samples_leaf': 30}",0.5334511843066402,0.535134758379155,0.5788239156032049,0.5491366194296667,0.02100333736950619,3,0.7773428170714382,0.7751524921744251,0.7969745258860785,0.7831566117106471,0.009811572925489826,1,Random Forest,14.0,30.0,
0.28040560086568195,0.004079765048232975,0.018932422002156574,0.001203276473482577,,,"{'model__max_depth': 2, 'model__min_child_weight': 5}",0.5332802409332877,0.5260973394116529,0.5796785440021511,0.5463520414490306,0.023747145061876918,3,0.7748248649305902,0.7740841430091531,0.7962693829685179,0.7817261303027537,0.010288077754255713,4,XGBoost,2.0,,5.0
0.2966849009195964,0.01800559659271874,0.018682320912679035,0.0011908023895604704,,,"{'model__max_depth': 2, 'model__min_child_weight': 15}",0.5319393398746395,0.524931948243771,0.5819980611270448,0.5462897830818184,0.025411109448211656,4,0.7749108178248564,0.775668708935102,0.7962586647961709,0.7822793971853764,0.00988967616370402,3,XGBoost,2.0,,15.0
0.4118510882059733,0.011627749394532478,0.021072864532470703,0.0017682764038978774,,,"{'model__max_depth': 4, 'model__min_child_weight': 5}",0.5395356948411515,0.5310970881459183,0.5824998077205562,0.5510441969025419,0.022507689200063588,2,0.7763543587873772,0.7744935006405091,0.7973124303721735,0.7827200966000198,0.010346266700252817,2,XGBoost,4.0,,5.0
0.4636053244272868,0.07561306418870449,0.022270997365315754,0.0026051916085922553,,,"{'model__max_depth': 4, 'model__min_child_weight': 15}",0.5370637523653146,0.5308719490578867,0.588213869996072,0.5520498571397577,0.025696452108585125,1,0.7775699552545037,0.7759131774416826,0.7977940228379271,0.7837590518447045,0.009947245389745328,1,XGBoost,4.0,,15.0
