attribute,group,n,positive_n,negative_n,small_group,brier,mean_predicted_pd,calibration_gap,default_rate,default_rate_ci95_lower,default_rate_ci95_upper,flag_rate,flag_rate_ci95_lower,flag_rate_ci95_upper,tpr,tpr_ci95_lower,tpr_ci95_upper,fpr,fpr_ci95_lower,fpr_ci95_upper
SEX,2,3657,754,2903,False,0.1306646378760756,0.20964412119761602,0.0034641922941432424,0.20617992890347278,0.19337947316988452,0.21959701757050376,0.34591194968553457,0.33066435710351577,0.36148292305675295,0.6538461538461539,0.6191860853587707,0.6869465460771289,0.26593179469514294,0.25017647078721916,0.28230577179392713
SEX,1,2339,571,1768,False,0.14016900799661206,0.22126025417930267,-0.022861165230701613,0.2441214194100043,0.22714166783281295,0.26194027772805795,0.36468576314664386,0.34541553921560586,0.3843997252288647,0.691768826619965,0.652717654877534,0.7282569541029762,0.25904977375565613,0.2391658742970384,0.27997846237116675
EDUCATION,2,2837,687,2150,False,0.1435902017792548,0.22703914982289858,-0.015118058495747877,0.24215720831864646,0.2267490271275047,0.2582627128069975,0.3686993302784632,0.3511349574998805,0.3866187993362125,0.6681222707423581,0.6320613301963797,0.7023135065343663,0.2730232558139535,0.25460884938202116,0.29224730569710194
EDUCATION,3,970,249,721,False,0.15394342528081192,0.23685316859021602,-0.01984786233761901,0.256701030927835,0.2302093204819622,0.28511219748710825,0.3979381443298969,0.3675960929477721,0.4290853912850158,0.6706827309236948,0.6101033437836036,0.7260757005727212,0.30374479889042993,0.2712903029537519,0.33827949116310696
EDUCATION,1,2107,377,1730,False,0.11341738388707236,0.1889218224784946,0.009994437571043235,0.17892738490745136,0.1631500646293101,0.19587332656563666,0.31846226862838156,0.29891548889037745,0.3386697988140823,0.6870026525198939,0.6385061505017655,0.7317266504034134,0.23815028901734103,0.21867254248392756,0.25878833181294525
EDUCATION,4,19,1,18,True,0.05242515687928958,0.11080634599164081,0.058174767044272394,0.05263157894736842,,,0.05263157894736842,,,,,,,,
EDUCATION,6,11,5,6,True,0.2930988854235104,0.19105107943353328,-0.26349437511192125,0.45454545454545453,,,0.36363636363636365,,,,,,,,
EDUCATION,5,48,6,42,True,0.12013807284126958,0.15915707086070177,0.03415707086070177,0.125,,,0.20833333333333334,,,,,,0.21428571428571427,,
EDUCATION,0,4,0,4,True,0.012036094985771252,0.1084855884715415,0.1084855884715415,0.0,,,0.0,,,,,,,,
MARRIAGE,2,3144,643,2501,False,0.12935172744616555,0.20961720761107136,0.005100668170867795,0.20451653944020357,0.19078217890043164,0.2189720846779888,0.3505089058524173,0.3340225571875658,0.3673601165281044,0.6687402799377916,0.6314531002519277,0.7040232317624568,0.2686925229908037,0.2516841929355341,0.28641032561146895
MARRIAGE,1,2774,663,2111,False,0.13879904656910277,0.21929199856782092,-0.01971304829591375,0.23900504686373467,0.22350239433155847,0.25522955582994045,0.3561643835616438,0.3385545117426741,0.37417207405074865,0.6726998491704375,0.6360771037201842,0.7073328582293703,0.2567503552818569,0.23856899987393798,0.27581540198439836
MARRIAGE,3,64,18,46,True,0.1870919951462035,0.21383033616373454,-0.06741966383626546,0.28125,,,0.359375,,,,,,0.2391304347826087,,
MARRIAGE,0,14,1,13,True,0.14368688957796685,0.22561710530345194,0.15418853387488052,0.07142857142857142,,,0.35714285714285715,,,,,,,,
AGE_BAND,30-44,3065,653,2412,False,0.1346716145860186,0.20187861010761948,-0.011171960854860136,0.21305057096247962,0.19891840551760354,0.22790112113335775,0.3265905383360522,0.31021405091871174,0.3434011604684241,0.6324655436447167,0.594811666120744,0.6685700033472698,0.24378109452736318,0.2270623284966379,0.26131469413987235
AGE_BAND,18-29,1871,407,1464,False,0.12783942389673852,0.2306555288276211,0.013124796598866423,0.2175307322287547,0.19942556777921147,0.2367934282179913,0.3890967397113843,0.36725389775605893,0.4113940524225968,0.7297297297297297,0.6845851416337212,0.770578269908962,0.29439890710382516,0.2716146563166345,0.318259306990231
AGE_BAND,45-59,998,251,747,False,0.14280330991601167,0.2195684188023898,-0.03193458720963421,0.251503006012024,0.22557219661033504,0.27933948813481346,0.36472945891783565,0.33543696352375646,0.39505931647864284,0.6733067729083665,0.6130527518920174,0.7283359703457287,0.26104417670682734,0.23082771685767672,0.29370573050853505
AGE_BAND,60+,62,14,48,True,0.1810020371574153,0.23794466716053098,0.012138215547627756,0.22580645161290322,,,0.4032258064516129,,,,,,0.3333333333333333,,
