,mean_absolute_shap
severe_delinquency_months,0.032036395690449825
max_delay,0.027710371067751847
delinquency_frequency,0.02532659593492912
PAY_0_2.0,0.016580434024313397
PAY_2_2.0,0.01134177563262188
PAY_0_0.0,0.010992585470941847
recent_delay_change,0.0061749260090079635
PAY_AMT1,0.005785370321913841
utilization_mean,0.005517826039088869
LIMIT_BAL,0.005355802853432594
utilization_recent,0.005213872091628866
PAY_3_2.0,0.004981622983020443
utilization_max,0.004765027597140227
PAY_2_0.0,0.004626257784982841
zero_payment_months,0.004597238392554022
PAY_AMT2,0.004558209147941835
payment_bill_ratio_mean,0.004296563135762584
PAY_AMT3,0.004216603538150728
PAY_4_2.0,0.0036271758352667055
bill_trend_per_limit,0.003176548870463319
PAY_5_2.0,0.003084440885647275
PAY_AMT4,0.0030070539570520023
BILL_AMT1,0.0029085775117914697
PAY_AMT6,0.0026334643157042066
payment_limit_mean,0.0023269014395437154
payment_bill_ratio_recent,0.0023244124628406322
BILL_AMT5,0.00221016512217716
BILL_AMT2,0.0020303680901100902
PAY_6_2.0,0.001607826124140133
nonpositive_bill_months,0.0015310047778212296
PAY_0_1.0,0.0014479835158497454
BILL_AMT3,0.0013203914079634204
PAY_AMT5,0.001221694667391719
BILL_AMT4,0.0012094609913520689
PAY_0_3.0,0.001157923073414194
BILL_AMT6,0.0011201427392135814
PAY_2_-1.0,0.0010850567332664012
PAY_4_-1.0,0.000980173159573092
PAY_3_0.0,0.0009612336677794187
payment_trend_per_limit,0.0009584870162809389
over_limit_months,0.0007493504795032562
PAY_3_-1.0,0.0005337300556167503
PAY_5_0.0,0.0005165974071598659
PAY_6_0.0,0.0005048179431068028
PAY_5_-1.0,0.00045457362160723275
PAY_3_-2.0,0.00044080432198749254
PAY_0_-1.0,0.0004190402624057733
PAY_0_-2.0,0.00041505826620581737
PAY_2_3.0,0.00038543295442817246
PAY_6_-1.0,0.00038046444600028706
PAY_4_0.0,0.000296556032344084
PAY_6_-2.0,0.00026032219265279216
PAY_5_-2.0,0.0002551523550166519
PAY_2_-2.0,0.00015429950851606522
PAY_6_3.0,0.00011541565609078544
PAY_4_-2.0,8.883961703166613e-05
PAY_4_3.0,8.308681142165357e-05
PAY_5_3.0,7.276931792624053e-05
PAY_5_7.0,3.485397283990725e-05
PAY_4_7.0,2.1028661471359077e-05
PAY_3_3.0,2.0646795248618597e-05
PAY_2_4.0,1.4069787537869135e-05
PAY_2_7.0,8.812072249058102e-06
PAY_0_4.0,8.668422748792912e-06
PAY_6_7.0,4.300138179569415e-06
PAY_5_4.0,3.982686288209438e-06
PAY_4_4.0,3.111552377405758e-06
PAY_6_4.0,2.0907315843024246e-06
PAY_3_6.0,1.995271470051035e-06
PAY_3_7.0,1.9680727742035636e-06
PAY_0_5.0,0.0
PAY_3_8.0,0.0
PAY_3_4.0,0.0
PAY_3_1.0,0.0
PAY_2_8.0,0.0
PAY_3_5.0,0.0
PAY_2_1.0,0.0
PAY_0_7.0,0.0
PAY_0_8.0,0.0
PAY_0_9.0,0.0
PAY_2_5.0,0.0
PAY_2_6.0,0.0
PAY_2_9.0,0.0
PAY_0_6.0,0.0
PAY_4_1.0,0.0
PAY_3_9.0,0.0
PAY_5_5.0,0.0
PAY_5_1.0,0.0
PAY_4_5.0,0.0
PAY_4_6.0,0.0
PAY_4_8.0,0.0
PAY_4_9.0,0.0
PAY_6_1.0,0.0
PAY_5_6.0,0.0
PAY_5_8.0,0.0
PAY_5_9.0,0.0
PAY_6_5.0,0.0
PAY_6_6.0,0.0
PAY_6_8.0,0.0
PAY_6_9.0,0.0
