,pearson_correlation
LIMIT_BAL,-0.1497611464125903
payment_bill_ratio_mean,-0.1114121071714498
PAY_AMT1,-0.07156808063157458
PAY_AMT4,-0.05873447077148617
PAY_AMT2,-0.055494412787182194
payment_bill_ratio_recent,-0.05543916532734872
PAY_AMT3,-0.05095341870663952
PAY_AMT6,-0.04963628466184283
PAY_AMT5,-0.04828342964804568
payment_limit_mean,-0.037436584228368874
payment_trend_per_limit,-0.023716813222676002
bill_trend_per_limit,-0.022667884656460573
BILL_AMT1,-0.019636697827704688
BILL_AMT2,-0.015579762454369858
BILL_AMT3,-0.014336584642195727
BILL_AMT4,-0.009049410177525452
BILL_AMT5,-0.006795230679364212
BILL_AMT6,-0.005000356139830445
nonpositive_bill_months,0.013277959430131984
recent_delay_change,0.056070824022092354
over_limit_months,0.06908169089119777
utilization_max,0.07856198591231715
utilization_recent,0.08330321672026554
utilization_mean,0.1122541621527854
zero_payment_months,0.15999641512571963
PAY_6,0.1846851966610895
PAY_5,0.20732633644357717
PAY_4,0.2125885262442755
PAY_3,0.23084094236010302
PAY_2,0.2615679885836451
PAY_0,0.31962572171340436
max_delay,0.37054008265281396
severe_delinquency_months,0.39604967881777736
delinquency_frequency,0.3961836904508949
